{
  "rmse": 0.7620446193084623,
  "mae": 0.6050855717168749,
  "precision_at_10": 0.038644067796610185,
  "recall_at_10": 0.0730282705526668,
  "ndcg_at_10": 0.06818652417199587,
  "content_tag_weight": 0.3,
  "candidate_pool_size": 400.0,
  "val_candidate_recall": 0.7782379056704561,
  "test_candidate_recall": 0.762818693480581,
  "ranker_val_precision_at_k": 0.24128440366972478,
  "ranker_val_recall_at_k": 0.31308884692688227,
  "ranker_val_ndcg_at_k": 0.3591429597452747,
  "ranker_n_estimators": 250.0,
  "ranker_max_depth": 6.0,
  "ranker_learning_rate": 0.1,
  "ranker_min_child_weight": 5.0,
  "ranker_feature_count": 38.0,
  "ranking_als_rank": 96.0,
  "ranking_als_reg_param": 0.1,
  "ranking_als_alpha": 10.0,
  "ranking_als_max_iter": 15.0,
  "ranking_als_val_precision_at_k": 0.0318739054290718,
  "ranking_als_val_recall_at_k": 0.07718406687359558,
  "ranking_als_val_ndcg_at_k": 0.06301442909903883,
  "ranking_als_val_candidate_recall": 0.6465126730389699,
  "als_rank": 64.0,
  "als_reg_param": 0.12,
  "als_max_iter": 10.0,
  "als_val_rmse": 0.7519692337649265,
  "active_users": 590.0,
  "active_movies": 9742.0,
  "train_rows": 68787.0,
  "val_rows": 8517.0,
  "test_rows": 8676.0,
  "recommendation_rows": 30.0,
  "users_covered": 3.0,
  "movies_recommended": 20.0,
  "user_coverage_ratio": 1.0,
  "catalog_coverage_ratio": 0.07103264216793266,
  "avg_recommendations_per_user": 10.0,
  "avg_final_score": 0.7316666666666667,
  "p50_final_score": 0.735,
  "p90_final_score": 0.905,
  "avg_als_score": 4.183333333333334,
  "avg_content_score": 0.32633333333333336,
  "genres_covered": 8.0,
  "popularity_median_interactions": 11.0,
  "long_tail_recommendation_share": 0.2
}
